{"cameraMode":{"drawMode":0,"name":"Shaded","section":"Shading Mode"},"sceneLighting":true,"audioPlay":false,"sceneViewState":{"showFog":true,"showMaterialUpdate":false,"showSkybox":false,"showFlares":true,"showImageEffects":true,"showParticleSystems":true},"in2DMode":false,"pivot":{"x":-0.5098038911819458,"y":0.49799537658691409,"z":0.1446678191423416},"rotation":{"x":0.32633402943611147,"y":-0.5415356159210205,"z":0.23988907039165498,"w":0.7366806268692017},"size":7.194395065307617,"orthographic":false}