{"cameraMode":{"drawMode":0,"name":"Shaded","section":"Shading Mode"},"sceneLighting":true,"audioPlay":false,"sceneViewState":{"showFog":true,"showMaterialUpdate":true,"showSkybox":true,"showFlares":true,"showImageEffects":true,"showParticleSystems":true},"in2DMode":false,"pivot":{"x":-230.0097198486328,"y":-0.04302978515625,"z":-144.32943725585938},"rotation":{"x":0.32494139671325686,"y":-0.05359676107764244,"z":0.018442664295434953,"w":0.9440426230430603},"size":468.7079772949219,"orthographic":false}