{"cameraMode":{"drawMode":0,"name":"Shaded","section":"Shading Mode"},"sceneLighting":true,"audioPlay":false,"sceneViewState":{"showFog":true,"showMaterialUpdate":false,"showSkybox":false,"showFlares":true,"showImageEffects":true,"showParticleSystems":true},"in2DMode":false,"pivot":{"x":0.4754384756088257,"y":-1.1743346452713013,"z":2.1695945262908937},"rotation":{"x":0.6463726758956909,"y":0.010299806483089924,"z":-0.008726563304662705,"w":0.7629023194313049},"size":60.48542022705078,"orthographic":false}